192.168.0.1,00:25:90:78:20:90
192.168.0.2,00:25:90:78:23:3E
192.168.0.3,00:25:90:78:23:2A
192.168.0.4,00:25:90:78:22:0A
192.168.0.5,00:25:90:77:85:26
192.168.0.6,00:25:90:78:23:FE
192.168.0.7,00:25:90:78:23:B0
192.168.0.8,00:25:90:78:25:60
192.168.0.9,00:25:90:25:18:22
192.168.0.10,00:25:90:77:85:4A
192.168.0.11,00:25:90:78:23:A0
192.168.0.12,00:25:90:78:22:5C
192.168.0.13,00:25:90:78:25:66
192.168.0.14,00:25:90:78:22:80
192.168.0.15,00:25:90:78:23:16
192.168.0.16,00:25:90:26:DC:86
192.168.0.17,00:25:90:26:DF:D2
192.168.0.18,00:25:90:78:22:F4
192.168.0.19,00:25:90:78:24:76
192.168.0.20,00:25:90:78:25:88
192.168.0.21,00:25:90:78:23:30
192.168.0.22,00:25:90:78:22:A4
192.168.0.23,00:25:90:78:25:76
192.168.0.24,00:25:90:78:22:F0
192.168.0.25,00:25:90:78:24:52
192.168.0.26,00:25:90:78:25:68
192.168.0.27,00:25:90:78:21:F8
192.168.0.28,00:25:90:78:24:64
192.168.0.29,00:25:90:78:24:38
192.168.0.30,00:25:90:78:25:98
192.168.0.31,00:25:90:78:22:12
192.168.0.32,00:25:90:78:23:84
192.168.0.33,00:25:90:78:22:8E
192.168.0.34,00:25:90:77:83:F4
192.168.0.35,00:25:90:78:22:CA
192.168.0.36,00:25:90:78:25:74
192.168.0.37,00:25:90:78:23:9A
192.168.0.38,00:25:90:78:24:04
192.168.0.39,00:25:90:78:24:A6
192.168.0.40,00:25:90:78:22:AA
192.168.0.41,00:25:90:78:24:FC
192.168.0.42,00:25:90:78:22:32
192.168.0.43,00:25:90:78:24:56
192.168.0.44,00:25:90:78:25:9E
192.168.0.45,00:25:90:78:23:4C
192.168.0.46,00:25:90:78:22:E8
192.168.0.47,00:25:90:78:22:1E
192.168.0.48,00:25:90:78:22:56
192.168.0.49,00:25:90:78:24:A0
192.168.0.50,00:25:90:78:22:2E
192.168.0.51,00:25:90:78:22:EE
192.168.0.52,00:25:90:78:22:48
192.168.0.53,00:25:90:78:21:E2
192.168.0.54,00:25:90:77:82:3C
192.168.0.55,00:25:90:78:23:2E
192.168.0.56,00:25:90:78:22:EC
192.168.0.57,00:25:90:26:AB:82
192.168.0.58,00:25:90:78:23:E2
192.168.0.59,00:25:90:78:24:EA
192.168.0.60,00:25:90:78:25:4E
192.168.0.61,00:25:90:78:22:66
192.168.0.62,00:25:90:78:25:6C
192.168.0.63,00:25:90:26:AE:56
192.168.0.64,00:25:90:78:23:4E
192.168.0.65,00:25:90:26:DF:EE
192.168.0.66,00:25:90:78:23:68
192.168.0.67,00:25:90:78:23:34
192.168.0.68,00:25:90:78:22:FC
192.168.0.69,00:25:90:78:24:50
192.168.0.70,00:25:90:78:25:14
192.168.0.71,00:25:90:78:23:A6
192.168.0.72,00:25:90:78:22:C8
192.168.0.73,00:25:90:26:4F:F0
192.168.0.74,00:25:90:26:56:BC
192.168.0.75,00:25:90:78:24:70
192.168.0.76,00:25:90:26:A9:5A
192.168.0.77,00:25:90:78:24:20
192.168.0.78,00:25:90:78:23:1E
192.168.0.79,00:25:90:26:DC:B6
192.168.0.80,00:25:90:78:25:24
192.168.0.81,00:25:90:78:23:F0
192.168.0.82,00:25:90:78:24:30
192.168.0.83,00:25:90:78:22:84
192.168.0.84,00:25:90:78:23:52
192.168.0.85,00:25:90:26:53:6C
192.168.0.86,00:25:90:26:DC:A2
192.168.0.87,00:25:90:26:E0:C6
192.168.0.88,00:25:90:78:22:2A
192.168.0.89,00:25:90:78:23:E6
192.168.0.90,00:25:90:78:24:32
192.168.0.91,00:25:90:78:22:86
192.168.0.92,00:25:90:78:23:AC
192.168.0.93,00:25:90:78:22:62
192.168.0.94,00:25:90:78:25:84
192.168.0.95,00:25:90:26:55:9C
192.168.0.96,00:25:90:78:23:0E
192.168.0.97,00:25:90:78:22:6E
192.168.0.98,00:25:90:78:22:1A
192.168.0.99,00:25:90:78:23:26
192.168.0.100,00:25:90:78:25:8A
192.168.0.101,00:25:90:26:DF:DE
192.168.0.102,00:25:90:78:23:88
192.168.0.103,00:25:90:78:22:70
192.168.0.104,00:25:90:78:22:F2
192.168.0.105,00:25:90:78:25:2C
192.168.0.106,00:25:90:78:24:36
192.168.0.107,00:25:90:78:24:9C
192.168.0.108,00:25:90:78:22:E0
192.168.0.109,00:25:90:78:22:A0
192.168.0.110,00:25:90:78:25:5A
192.168.0.111,00:25:90:78:22:08
192.168.0.112,00:25:90:26:AB:E6
192.168.0.113,00:25:90:78:25:10
192.168.0.114,00:25:90:26:E0:B6
192.168.0.115,00:25:90:78:25:56
192.168.0.116,00:25:90:78:23:86
192.168.0.117,00:25:90:78:23:32
192.168.0.118,00:25:90:78:23:F2
192.168.0.119,00:25:90:78:23:14
192.168.0.120,00:25:90:78:22:AE
192.168.0.121,00:25:90:78:24:78
192.168.0.122,00:25:90:78:22:06
192.168.0.123,00:25:90:78:25:0A
192.168.0.124,00:25:90:78:22:EA
192.168.0.125,00:25:90:78:24:18
192.168.0.126,00:25:90:78:23:5E
192.168.0.127,00:25:90:78:25:08
192.168.0.128,00:25:90:78:22:9E
192.168.0.129,00:25:90:78:24:AA
192.168.0.130,00:25:90:78:23:28
192.168.0.131,00:25:90:78:25:30
192.168.0.132,00:25:90:78:22:1C
192.168.0.133,00:25:90:78:22:90
192.168.0.134,00:25:90:78:22:7C
192.168.0.135,00:25:90:78:22:14
192.168.0.136,00:25:90:78:25:7E
192.168.0.137,00:25:90:78:24:D0
192.168.0.138,00:25:90:78:23:F4
192.168.0.139,00:25:90:78:23:8C
192.168.0.140,00:25:90:78:23:1A
192.168.0.141,00:25:90:78:23:42
192.168.0.142,00:25:90:78:24:06
192.168.0.143,00:25:90:77:82:3A
192.168.0.144,00:25:90:78:24:BE
192.168.0.145,00:25:90:78:25:62
192.168.0.146,00:25:90:78:24:86
192.168.0.147,00:25:90:78:23:08
192.168.0.148,00:25:90:78:23:38
192.168.0.149,00:25:90:78:23:9E
192.168.0.150,00:25:90:78:23:B4
192.168.0.151,00:25:90:78:22:D2
192.168.0.152,00:25:90:78:24:7E
192.168.0.153,00:25:90:78:23:0C
192.168.0.154,00:25:90:78:25:52
192.168.0.155,00:25:90:78:25:86
192.168.0.156,00:25:90:78:22:B0
192.168.0.157,00:25:90:78:25:22
192.168.0.158,00:25:90:78:24:10
192.168.0.159,00:25:90:26:AA:4E
192.168.0.160,00:25:90:26:E0:86
192.168.0.161,00:25:90:78:22:B6
192.168.0.162,00:25:90:78:24:B6
192.168.0.163,00:25:90:78:24:3C
192.168.0.164,00:25:90:78:24:3A
192.168.0.165,00:25:90:78:24:9A
192.168.0.166,00:25:90:78:25:90
192.168.0.167,00:25:90:78:22:9C
192.168.0.168,00:25:90:78:24:16
192.168.0.169,00:25:90:78:25:8E
192.168.0.170,00:25:90:78:24:A2
192.168.0.171,00:25:90:78:24:2E
192.168.0.172,00:25:90:78:23:EE
192.168.0.173,00:25:90:78:22:AC
192.168.0.174,00:25:90:78:22:B2
192.168.0.175,00:25:90:78:22:9A
192.168.0.176,00:25:90:78:23:9C
192.168.0.177,00:25:90:78:21:F0
192.168.0.178,00:25:90:78:23:7C
192.168.0.179,00:25:90:78:23:A2
192.168.0.173,00:25:90:78:22:96
192.168.0.255,fe80::f66d:4ff:fe75:83c7
